"DESCRIPTION","DURATION IN MS","NAME","PARENT SUITE","START TIME","STATUS","STOP TIME","SUB SUITE","SUITE","TEST CLASS","TEST METHOD"
"","15336","verify Practice Form - test case 3","chromium","2026-09-16","passed","2026-09-16","","demoqa.spec.ts","",""
"","14209","verify Practice Form - test case 3","webkit","2026-09-15","passed","2026-09-15","","demoqa.spec.ts","",""
"","11393","verify Practice Form - test case 2","firefox","2026-09-15","passed","2026-09-15","","demoqa.spec.ts","",""
"","23349","verify Practice Form - test case 1","chromium","2026-09-16","passed","2026-09-16","","demoqa.spec.ts","",""
"","16883","verify Practice Form - test case 2","webkit","2026-09-15","passed","2026-09-15","","demoqa.spec.ts","",""
"","12339","verify Practice Form - test case 1","firefox","2026-09-15","passed","2026-09-15","","demoqa.spec.ts","",""
"","11656","verify Practice Form - test case 1","webkit","2026-09-15","passed","2026-09-15","","demoqa.spec.ts","",""
"","15325","verify Practice Form - test case 3","firefox","2026-09-15","passed","2026-09-15","","demoqa.spec.ts","",""
"","7583","verify Practice Form - test case 2","chromium","2026-09-16","passed","2026-09-16","","demoqa.spec.ts","",""
